gi|115583796|gb|CP000438.1|	gb|AE004091.2|+|2810008-2813197|ARO:3000804|MexF	99.624	3189	12	0	2814154	2817342	3189	1	0.0	5823
gi|115583796|gb|CP000438.1|	gb|AE004091.2|+|2810008-2813197|ARO:3000804|MexF	74.029	1494	320	55	1617109	1618565	1648	3110	3.86e-152	547
gi|115583796|gb|CP000438.1|	gb|AE004091.2|+|2810008-2813197|ARO:3000804|MexF	79.710	207	40	2	488989	489194	1057	1262	4.58e-32	148
gi|115583796|gb|CP000438.1|	gb|AE004091.2|-|2850882-2854014|ARO:3004074|MuxB	99.521	3132	15	0	2773332	2776463	1	3132	0.0	5701
gi|115583796|gb|CP000438.1|	gb|AE004091.2|-|2850882-2854014|ARO:3004074|MuxB	84.141	454	63	8	2779062	2779511	2603	3051	4.06e-117	431
gi|115583796|gb|CP000438.1|	gb|L11616.1|+|1569-4710|ARO:3000378|MexB	99.427	3141	18	0	487942	491082	1	3141	0.0	5701
gi|115583796|gb|CP000438.1|	gb|L11616.1|+|1569-4710|ARO:3000378|MexB	79.710	207	40	2	2816081	2816286	1253	1048	4.58e-32	148
gi|115583796|gb|CP000438.1|	gb|AB219524.1|+|1176-4338|ARO:3003699|mexQ	99.051	3162	30	0	1615483	1618644	1	3162	0.0	5674
gi|115583796|gb|CP000438.1|	gb|AB219524.1|+|1176-4338|ARO:3003699|mexQ	74.081	1497	314	59	2814233	2815695	3083	1627	3.86e-152	547
gi|115583796|gb|CP000438.1|	gb|AB219523.1|+|1175-4286|ARO:3003705|mexN	99.421	3111	18	0	4077152	4080262	3111	1	0.0	5646
gi|115583796|gb|CP000438.1|	gb|AB219523.1|+|1175-4286|ARO:3003705|mexN	80.473	507	81	14	2775858	2776355	2530	3027	2.49e-99	372
gi|115583796|gb|CP000438.1|	gb|AB219523.1|+|1175-4286|ARO:3003705|mexN	79.348	460	87	7	2779036	2779491	2580	3035	1.19e-82	316
gi|115583796|gb|CP000438.1|	gb|AE004091.2|+|4707534-4710624|ARO:3000808|MexI	99.579	3090	13	0	816306	819395	3090	1	0.0	5635
gi|115583796|gb|CP000438.1|	gb|AE004091.2|+|4707534-4710624|ARO:3000808|MexI	80.000	510	96	6	5069151	5069657	953	1459	2.49e-99	372
gi|115583796|gb|CP000438.1|	gb|AE004091.2|-|2847775-2850886|ARO:3004075|MuxC	99.068	3111	29	0	2776460	2779570	1	3111	0.0	5585
gi|115583796|gb|CP000438.1|	gb|AE004091.2|-|2847775-2850886|ARO:3004075|MuxC	84.547	453	63	7	2775934	2776382	2603	3052	1.87e-120	442
gi|115583796|gb|CP000438.1|	gb|AE004091.2|-|2847775-2850886|ARO:3004075|MuxC	79.348	460	87	7	4077228	4077683	3032	2577	1.19e-82	316
gi|115583796|gb|CP000438.1|	gb|AE004091.2|-|2847775-2850886|ARO:3004075|MuxC	75.312	401	89	10	4079826	4080221	425	30	1.25e-42	183
gi|115583796|gb|CP000438.1|	gb|NC_002516.2|+|4904646-4907703|ARO:3003031|MexW	99.280	3057	22	0	5068199	5071255	1	3057	0.0	5524
gi|115583796|gb|CP000438.1|	gb|NC_002516.2|+|4904646-4907703|ARO:3003031|MexW	79.568	509	100	4	817937	818443	1459	953	5.40e-96	361
gi|115583796|gb|CP000438.1|	gb|AE004091.2|-|4116187-4119265|ARO:3003693|MexK	98.765	3078	38	0	1438753	1441830	1	3078	0.0	5474
gi|115583796|gb|CP000438.1|	gb|AE004091.2|+|179521-182569|ARO:3003681|TriC	99.081	3048	28	0	178382	181429	1	3048	0.0	5474
gi|115583796|gb|CP000438.1|	gb|AB015853.1|+|1330-4471|ARO:3003033|mexY	98.125	3146	46	12	3422892	3426029	1	3141	0.0	5470
gi|115583796|gb|CP000438.1|	gb|AB015853.1|+|1330-4471|ARO:3003033|mexY	78.707	634	121	14	5425119	5425745	1551	925	5.29e-111	411
gi|115583796|gb|CP000438.1|	gb|AB015853.1|+|1330-4471|ARO:3003033|mexY	76.527	622	119	25	5423631	5424239	3042	2435	4.26e-82	315
gi|115583796|gb|CP000438.1|	gb|U57969.1|+|1485-4617|ARO:3000801|MexD	97.831	3135	62	6	5423547	5426678	3132	1	0.0	5408
gi|115583796|gb|CP000438.1|	gb|U57969.1|+|1485-4617|ARO:3000801|MexD	77.725	633	129	12	3423816	3424442	934	1560	5.36e-101	377
gi|115583796|gb|CP000438.1|	gb|U57969.1|+|1485-4617|ARO:3000801|MexD	76.119	603	118	22	3425325	3425914	2440	3029	2.00e-75	292
gi|115583796|gb|CP000438.1|	gb|AE004091.2|+|3982020-3984009|ARO:3002985|arnA	99.497	1989	10	0	1574120	1576108	1989	1	0.0	3618
gi|115583796|gb|CP000438.1|	gb|AE004091.2|-|2846282-2847779|ARO:3004072|OpmB	99.466	1497	8	0	2779567	2781063	1	1497	0.0	2721
gi|115583796|gb|CP000438.1|	gb|AB219524.1|+|4334-5810|ARO:3003700|opmE	99.322	1476	10	0	1618641	1620116	1	1476	0.0	2671
gi|115583796|gb|CP000438.1|	gb|AE004091.2|+|4710620-4712084|ARO:3000809|OpmD	99.385	1464	9	0	814846	816309	1464	1	0.0	2654
gi|115583796|gb|CP000438.1|	gb|AE004091.2|+|5584100-5585549|ARO:3003682|OpmH	99.310	1449	10	0	5855497	5856945	1	1449	0.0	2621
gi|115583796|gb|CP000438.1|	gb|AE004091.2|-|1472546-1473980|ARO:3004077|PmpM	99.442	1434	8	0	4160669	4162102	1	1434	0.0	2604
gi|115583796|gb|CP000438.1|	gb|AE004091.2|+|476332-477790|ARO:3000379|OprM	98.834	1458	17	0	491084	492541	1	1458	0.0	2599
gi|115583796|gb|CP000438.1|	gb|AE004091.2|+|2813193-2814612|ARO:3000805|OprN	99.648	1419	5	0	2812739	2814157	1419	1	0.0	2593
gi|115583796|gb|CP000438.1|	gb|U57969.1|+|4622-6062|ARO:3000802|OprJ	98.889	1440	16	0	5422102	5423541	1440	1	0.0	2571
gi|115583796|gb|CP000438.1|	gb|JQ340365.1|+|0-1434|ARO:3003583|basS	98.884	1434	16	0	5636684	5638117	1	1434	0.0	2560
gi|115583796|gb|CP000438.1|	gb|AE004091.2|-|2854010-2855291|ARO:3004073|MuxA	99.454	1281	7	0	2772055	2773335	1	1281	0.0	2327
gi|115583796|gb|CP000438.1|	gb|AE004091.2|-|1950438-1951725|ARO:3005067|ParS	99.068	1287	12	0	3682952	3684238	1	1287	0.0	2311
gi|115583796|gb|CP000438.1|	gb|AE004091.2|+|3451505-3452801|ARO:3005064|cprS	98.765	1296	16	0	2115489	2116784	1296	1	0.0	2305
gi|115583796|gb|CP000438.1|	gb|AE004091.2|+|2808742-2809987|ARO:3000803|MexE	99.679	1245	4	0	2817364	2818608	1245	1	0.0	2278
gi|115583796|gb|CP000438.1|	gb|NG_049906.1|+|0-1194|ARO:3006709|PDC-34	100.000	1194	0	0	932631	933824	1194	1	0.0	2206
gi|115583796|gb|CP000438.1|	gb|NG_070751.1|+|0-1194|ARO:3006823|PDC-456	99.916	1194	1	0	932631	933824	1194	1	0.0	2200
gi|115583796|gb|CP000438.1|	gb|NG_068035.1|+|0-1194|ARO:3006764|PDC-395	99.916	1194	1	0	932631	933824	1194	1	0.0	2200
gi|115583796|gb|CP000438.1|	gb|NG_066756.1|+|0-1194|ARO:3006756|PDC-387	99.916	1194	1	0	932631	933824	1194	1	0.0	2200
gi|115583796|gb|CP000438.1|	gb|NG_050826.1|+|0-1194|ARO:3006531|PDC-153	99.916	1194	1	0	932631	933824	1194	1	0.0	2200
gi|115583796|gb|CP000438.1|	gb|NG_050783.1|+|0-1194|ARO:3006503|PDC-127	99.916	1194	1	0	932631	933824	1194	1	0.0	2200
gi|115583796|gb|CP000438.1|	gb|CP012901.1|-|5979156-5980365|ARO:3003801|bcr-1	99.504	1209	6	0	901559	902767	1	1209	0.0	2200
gi|115583796|gb|CP000438.1|	gb|NG_068031.1|+|0-1194|ARO:3006761|PDC-391	99.832	1194	2	0	932631	933824	1194	1	0.0	2194
gi|115583796|gb|CP000438.1|	gb|NG_049910.1|+|0-1194|ARO:3006750|PDC-38	99.832	1194	2	0	932631	933824	1194	1	0.0	2194
gi|115583796|gb|CP000438.1|	gb|NG_065445.1|+|0-1194|ARO:3006703|PDC-333	99.832	1194	2	0	932631	933824	1194	1	0.0	2194
gi|115583796|gb|CP000438.1|	gb|NG_065935.1|+|0-1194|ARO:3006753|PDC-383	99.749	1194	3	0	932631	933824	1194	1	0.0	2189
gi|115583796|gb|CP000438.1|	gb|NG_050794.1|+|0-1194|ARO:3006515|PDC-138	99.665	1194	4	0	932631	933824	1194	1	0.0	2183
gi|115583796|gb|CP000438.1|	gb|FR822747.1|+|0-1194|ARO:3005155|PDC-23	99.665	1194	4	0	932631	933824	1194	1	0.0	2183
gi|115583796|gb|CP000438.1|	gb|NG_073492.1|+|0-1194|ARO:3006842|PDC-476	99.581	1194	5	0	932631	933824	1194	1	0.0	2178
gi|115583796|gb|CP000438.1|	gb|NG_070227.1|+|0-1194|ARO:3006820|PDC-453	99.581	1194	5	0	932631	933824	1194	1	0.0	2178
gi|115583796|gb|CP000438.1|	gb|NG_070213.1|+|0-1194|ARO:3006815|PDC-447	99.581	1194	5	0	932631	933824	1194	1	0.0	2178
gi|115583796|gb|CP000438.1|	gb|NG_066541.1|+|0-1194|ARO:3006754|PDC-385	99.581	1194	5	0	932631	933824	1194	1	0.0	2178
gi|115583796|gb|CP000438.1|	gb|NG_049907.1|+|0-1194|ARO:3006719|PDC-35	99.581	1194	5	0	932631	933824	1194	1	0.0	2178
gi|115583796|gb|CP000438.1|	gb|NG_065888.1|+|0-1194|ARO:3006706|PDC-336	99.581	1194	5	0	932631	933824	1194	1	0.0	2178
gi|115583796|gb|CP000438.1|	gb|NG_060551.1|+|0-1194|ARO:3006655|PDC-281	99.581	1194	5	0	932631	933824	1194	1	0.0	2178
gi|115583796|gb|CP000438.1|	gb|NG_057585.1|+|0-1194|ARO:3006632|PDC-253	99.581	1194	5	0	932631	933824	1194	1	0.0	2178
gi|115583796|gb|CP000438.1|	gb|NG_055282.1|+|0-1194|ARO:3006596|PDC-219	99.581	1194	5	0	932631	933824	1194	1	0.0	2178
gi|115583796|gb|CP000438.1|	gb|NG_049889.1|+|0-1194|ARO:3005295|PDC-19a	99.581	1194	5	0	932631	933824	1194	1	0.0	2178
gi|115583796|gb|CP000438.1|	gb|NG_049890.1|+|0-1194|ARO:3005292|PDC-19b	99.581	1194	5	0	932631	933824	1194	1	0.0	2178
gi|115583796|gb|CP000438.1|	gb|KJ949083.1|+|0-1194|ARO:3005122|PDC-68	99.581	1194	5	0	932631	933824	1194	1	0.0	2178
gi|115583796|gb|CP000438.1|	gb|NG_073479.1|+|0-1194|ARO:3006834|PDC-468	99.497	1194	6	0	932631	933824	1194	1	0.0	2172
gi|115583796|gb|CP000438.1|	gb|NG_073478.1|+|0-1194|ARO:3006833|PDC-467	99.497	1194	6	0	932631	933824	1194	1	0.0	2172
gi|115583796|gb|CP000438.1|	gb|NG_070217.1|+|0-1194|ARO:3006818|PDC-451	99.497	1194	6	0	932631	933824	1194	1	0.0	2172
gi|115583796|gb|CP000438.1|	gb|NG_070201.1|+|0-1194|ARO:3006804|PDC-435	99.497	1194	6	0	932631	933824	1194	1	0.0	2172
gi|115583796|gb|CP000438.1|	gb|NG_068191.1|+|0-1194|ARO:3006773|PDC-403	99.497	1194	6	0	932631	933824	1194	1	0.0	2172
gi|115583796|gb|CP000438.1|	gb|NG_068186.1|+|0-1194|ARO:3006767|PDC-398	99.497	1194	6	0	932631	933824	1194	1	0.0	2172
gi|115583796|gb|CP000438.1|	gb|NG_068037.1|+|0-1194|ARO:3006766|PDC-397	99.497	1194	6	0	932631	933824	1194	1	0.0	2172
gi|115583796|gb|CP000438.1|	gb|NG_049911.1|+|0-1194|ARO:3006759|PDC-39	99.497	1194	6	0	932631	933824	1194	1	0.0	2172
gi|115583796|gb|CP000438.1|	gb|NG_068029.1|+|0-1194|ARO:3006758|PDC-389	99.497	1194	6	0	932631	933824	1194	1	0.0	2172
gi|115583796|gb|CP000438.1|	gb|NG_065923.1|+|0-1194|ARO:3006742|PDC-371	99.497	1194	6	0	932631	933824	1194	1	0.0	2172
gi|115583796|gb|CP000438.1|	gb|NG_066532.1|+|0-1194|ARO:3006694|PDC-325	99.497	1194	6	0	932631	933824	1194	1	0.0	2172
gi|115583796|gb|CP000438.1|	gb|NG_061620.1|+|0-1194|ARO:3006675|PDC-304	99.497	1194	6	0	932631	933824	1194	1	0.0	2172
gi|115583796|gb|CP000438.1|	gb|NG_060537.1|+|0-1194|ARO:3006649|PDC-275	99.497	1194	6	0	932631	933824	1194	1	0.0	2172
gi|115583796|gb|CP000438.1|	gb|NG_057602.1|+|0-1194|ARO:3006646|PDC-271	99.497	1194	6	0	932631	933824	1194	1	0.0	2172
gi|115583796|gb|CP000438.1|	gb|NG_057583.1|+|0-1194|ARO:3006630|PDC-251	99.497	1194	6	0	932631	933824	1194	1	0.0	2172
gi|115583796|gb|CP000438.1|	gb|NG_056400.1|+|0-1194|ARO:3006623|PDC-245	99.497	1194	6	0	932631	933824	1194	1	0.0	2172
gi|115583796|gb|CP000438.1|	gb|NG_056396.1|+|0-1194|ARO:3006619|PDC-241	99.497	1194	6	0	932631	933824	1194	1	0.0	2172
gi|115583796|gb|CP000438.1|	gb|NG_056390.1|+|0-1194|ARO:3006613|PDC-235	99.497	1194	6	0	932631	933824	1194	1	0.0	2172
gi|115583796|gb|CP000438.1|	gb|NG_055275.1|+|0-1194|ARO:3006600|PDC-220	99.497	1194	6	0	932631	933824	1194	1	0.0	2172
gi|115583796|gb|CP000438.1|	gb|NG_054680.1|+|0-1194|ARO:3006557|PDC-178	99.497	1194	6	0	932631	933824	1194	1	0.0	2172
gi|115583796|gb|CP000438.1|	gb|NG_050832.1|+|0-1194|ARO:3006537|PDC-159	99.497	1194	6	0	932631	933824	1194	1	0.0	2172
gi|115583796|gb|CP000438.1|	gb|NG_050791.1|+|0-1194|ARO:3006512|PDC-135	99.497	1194	6	0	932631	933824	1194	1	0.0	2172
gi|115583796|gb|CP000438.1|	gb|NG_050782.1|+|0-1194|ARO:3006502|PDC-126	99.497	1194	6	0	932631	933824	1194	1	0.0	2172
gi|115583796|gb|CP000438.1|	gb|NG_049882.1|+|0-1194|ARO:3006495|PDC-12	99.497	1194	6	0	932631	933824	1194	1	0.0	2172
gi|115583796|gb|CP000438.1|	gb|NG_070215.1|+|0-1194|ARO:3005313|PDC-449	99.497	1194	6	0	932631	933824	1194	1	0.0	2172
gi|115583796|gb|CP000438.1|	gb|NG_049871.1|+|0-1194|ARO:3005305|PDC-104	99.497	1194	6	0	932631	933824	1194	1	0.0	2172
gi|115583796|gb|CP000438.1|	gb|KJ949074.1|+|0-1194|ARO:3005137|PDC-59	99.497	1194	6	0	932631	933824	1194	1	0.0	2172
gi|115583796|gb|CP000438.1|	gb|GQ845014.1|+|0-1194|ARO:3005132|PDC-11	99.497	1194	6	0	932631	933824	1194	1	0.0	2172
gi|115583796|gb|CP000438.1|	gb|KJ949080.1|+|0-1194|ARO:3005038|PDC-65	99.497	1194	6	0	932631	933824	1194	1	0.0	2172
gi|115583796|gb|CP000438.1|	gb|NG_060554.1|+|0-1194|ARO:3005276|PDC-284	99.497	1194	6	0	932631	933824	1194	1	0.0	2172
gi|115583796|gb|CP000438.1|	gb|LLSH01000109.1|+|88827-90021|ARO:3004349|PDC-86	99.497	1194	6	0	932631	933824	1194	1	0.0	2172
gi|115583796|gb|CP000438.1|	gb|NG_049956.1|+|0-1194|ARO:3006852|PDC-99	99.414	1194	7	0	932631	933824	1194	1	0.0	2167
gi|115583796|gb|CP000438.1|	gb|NG_073480.1|+|0-1194|ARO:3006835|PDC-469	99.414	1194	7	0	932631	933824	1194	1	0.0	2167
gi|115583796|gb|CP000438.1|	gb|NG_049919.1|+|0-1194|ARO:3006827|PDC-46	99.414	1194	7	0	932631	933824	1194	1	0.0	2167
gi|115583796|gb|CP000438.1|	gb|NG_068196.1|+|0-1194|ARO:3006778|PDC-408	99.414	1194	7	0	932631	933824	1194	1	0.0	2167
gi|115583796|gb|CP000438.1|	gb|NG_065909.1|+|0-1194|ARO:3006726|PDC-357	99.414	1194	7	0	932631	933824	1194	1	0.0	2167
gi|115583796|gb|CP000438.1|	gb|NG_065906.1|+|0-1194|ARO:3006723|PDC-354	99.414	1194	7	0	932631	933824	1194	1	0.0	2167
gi|115583796|gb|CP000438.1|	gb|NG_062262.1|+|0-1194|ARO:3006682|PDC-311	99.414	1194	7	0	932631	933824	1194	1	0.0	2167
gi|115583796|gb|CP000438.1|	gb|NG_049902.1|+|0-1194|ARO:3006670|PDC-30	99.414	1194	7	0	932631	933824	1194	1	0.0	2167
gi|115583796|gb|CP000438.1|	gb|NG_055273.1|+|0-1194|ARO:3006589|PDC-211	99.414	1194	7	0	932631	933824	1194	1	0.0	2167
gi|115583796|gb|CP000438.1|	gb|NG_054994.1|+|0-1194|ARO:3006587|PDC-209	99.414	1194	7	0	932631	933824	1194	1	0.0	2167
gi|115583796|gb|CP000438.1|	gb|NG_049886.1|+|0-1194|ARO:3006538|PDC-16	99.414	1194	7	0	932631	933824	1194	1	0.0	2167
gi|115583796|gb|CP000438.1|	gb|NG_050825.1|+|0-1194|ARO:3006530|PDC-152	99.414	1194	7	0	932631	933824	1194	1	0.0	2167
gi|115583796|gb|CP000438.1|	gb|NG_055484.1|+|0-1194|ARO:3006496|PDC-120	99.414	1194	7	0	932631	933824	1194	1	0.0	2167
gi|115583796|gb|CP000438.1|	gb|NG_070195.1|+|0-1194|ARO:3005312|PDC-429	99.414	1194	7	0	932631	933824	1194	1	0.0	2167
gi|115583796|gb|CP000438.1|	gb|NG_061625.1|+|0-1194|ARO:3005301|PDC-306	99.414	1194	7	0	932631	933824	1194	1	0.0	2167
gi|115583796|gb|CP000438.1|	gb|NG_049872.1|+|0-1194|ARO:3005277|PDC-105	99.414	1194	7	0	932631	933824	1194	1	0.0	2167
gi|115583796|gb|CP000438.1|	gb|NG_049953.1|+|0-1194|ARO:3006849|PDC-96	99.330	1194	8	0	932631	933824	1194	1	0.0	2161
gi|115583796|gb|CP000438.1|	gb|NG_073481.1|+|0-1194|ARO:3006836|PDC-470	99.330	1194	8	0	932631	933824	1194	1	0.0	2161
gi|115583796|gb|CP000438.1|	gb|NG_065925.1|+|0-1194|ARO:3006744|PDC-373	99.330	1194	8	0	932631	933824	1194	1	0.0	2161
gi|115583796|gb|CP000438.1|	gb|NG_065924.1|+|0-1194|ARO:3006743|PDC-372	99.330	1194	8	0	932631	933824	1194	1	0.0	2161
gi|115583796|gb|CP000438.1|	gb|NG_049909.1|+|0-1194|ARO:3006740|PDC-37	99.330	1194	8	0	932631	933824	1194	1	0.0	2161
gi|115583796|gb|CP000438.1|	gb|NG_065910.1|+|0-1194|ARO:3006727|PDC-358	99.330	1194	8	0	932631	933824	1194	1	0.0	2161
gi|115583796|gb|CP000438.1|	gb|NG_065900.1|+|0-1194|ARO:3006717|PDC-348	99.330	1194	8	0	932631	933824	1194	1	0.0	2161
gi|115583796|gb|CP000438.1|	gb|NG_056404.1|+|0-1194|ARO:3006627|PDC-249	99.330	1194	8	0	932631	933824	1194	1	0.0	2161
gi|115583796|gb|CP000438.1|	gb|NG_055278.1|+|0-1194|ARO:3006592|PDC-215	99.330	1194	8	0	932631	933824	1194	1	0.0	2161
gi|115583796|gb|CP000438.1|	gb|NG_050818.1|+|0-1194|ARO:3006522|PDC-145	99.330	1194	8	0	932631	933824	1194	1	0.0	2161
gi|115583796|gb|CP000438.1|	gb|NG_050816.1|+|0-1194|ARO:3006520|PDC-143	99.330	1194	8	0	932631	933824	1194	1	0.0	2161
gi|115583796|gb|CP000438.1|	gb|NG_065889.1|+|0-1194|ARO:3005288|PDC-337	99.330	1194	8	0	932631	933824	1194	1	0.0	2161
gi|115583796|gb|CP000438.1|	gb|NG_056103.1|+|0-1194|ARO:3005274|PDC-225	99.330	1194	8	0	932631	933824	1194	1	0.0	2161
gi|115583796|gb|CP000438.1|	gb|NG_066530.1|+|0-1194|ARO:3005280|PDC-323	99.330	1194	8	0	932631	933824	1194	1	0.0	2161
gi|115583796|gb|CP000438.1|	gb|FJ666072.1|+|0-1194|ARO:3002508|PDC-9	99.330	1194	8	0	932631	933824	1194	1	0.0	2161
gi|115583796|gb|CP000438.1|	gb|NG_065926.1|+|100-1315|ARO:3006745|PDC-374	98.610	1223	9	1	932602	933824	1215	1	0.0	2158
gi|115583796|gb|CP000438.1|	gb|NG_066527.1|+|0-1197|ARO:3006691|PDC-320	99.248	1197	6	1	932631	933824	1197	1	0.0	2158
gi|115583796|gb|CP000438.1|	gb|NG_073491.1|+|0-1194|ARO:3006841|PDC-475	99.246	1194	9	0	932631	933824	1194	1	0.0	2156
gi|115583796|gb|CP000438.1|	gb|NG_070202.1|+|0-1194|ARO:3006805|PDC-436	99.246	1194	9	0	932631	933824	1194	1	0.0	2156
gi|115583796|gb|CP000438.1|	gb|NG_049904.1|+|0-1194|ARO:3006690|PDC-32	99.246	1194	9	0	932631	933824	1194	1	0.0	2156
gi|115583796|gb|CP000438.1|	gb|NG_062303.1|+|0-1194|ARO:3006686|PDC-316	99.246	1194	9	0	932631	933824	1194	1	0.0	2156
gi|115583796|gb|CP000438.1|	gb|NG_060559.1|+|0-1194|ARO:3006662|PDC-290	99.246	1194	9	0	932631	933824	1194	1	0.0	2156
gi|115583796|gb|CP000438.1|	gb|NG_060557.1|+|0-1194|ARO:3006660|PDC-288	99.246	1194	9	0	932631	933824	1194	1	0.0	2156
gi|115583796|gb|CP000438.1|	gb|NG_054965.1|+|0-1194|ARO:3006558|PDC-179	99.246	1194	9	0	932631	933824	1194	1	0.0	2156
gi|115583796|gb|CP000438.1|	gb|NG_050834.1|+|0-1194|ARO:3006540|PDC-161	99.246	1194	9	0	932631	933824	1194	1	0.0	2156
gi|115583796|gb|CP000438.1|	gb|NG_055486.1|+|0-1194|ARO:3006498|PDC-122	99.246	1194	9	0	932631	933824	1194	1	0.0	2156
gi|115583796|gb|CP000438.1|	gb|NG_049880.1|+|0-1194|ARO:3006490|PDC-112	99.246	1194	9	0	932631	933824	1194	1	0.0	2156
gi|115583796|gb|CP000438.1|	gb|NG_049874.1|+|0-1194|ARO:3006485|PDC-107	99.246	1194	9	0	932631	933824	1194	1	0.0	2156
gi|115583796|gb|CP000438.1|	gb|NG_049873.1|+|0-1194|ARO:3006484|PDC-106	99.246	1194	9	0	932631	933824	1194	1	0.0	2156
gi|115583796|gb|CP000438.1|	gb|JF326298.1|+|0-1194|ARO:3005156|PDC-28	99.246	1194	9	0	932631	933824	1194	1	0.0	2156
gi|115583796|gb|CP000438.1|	gb|NG_066531.1|+|0-1194|ARO:3005279|PDC-324	99.246	1194	9	0	932631	933824	1194	1	0.0	2156
gi|115583796|gb|CP000438.1|	gb|NG_049955.1|+|0-1194|ARO:3006851|PDC-98	99.162	1194	10	0	932631	933824	1194	1	0.0	2150
gi|115583796|gb|CP000438.1|	gb|NG_070752.1|+|100-1294|ARO:3006824|PDC-457	99.162	1194	10	0	932631	933824	1194	1	0.0	2150
gi|115583796|gb|CP000438.1|	gb|NG_070205.1|+|0-1194|ARO:3006807|PDC-439	99.162	1194	10	0	932631	933824	1194	1	0.0	2150
gi|115583796|gb|CP000438.1|	gb|NG_070194.1|+|0-1194|ARO:3006798|PDC-428	99.162	1194	10	0	932631	933824	1194	1	0.0	2150
gi|115583796|gb|CP000438.1|	gb|NG_070190.1|+|0-1194|ARO:3006794|PDC-424	99.162	1194	10	0	932631	933824	1194	1	0.0	2150
gi|115583796|gb|CP000438.1|	gb|NG_068192.1|+|0-1194|ARO:3006774|PDC-404	99.162	1194	10	0	932631	933824	1194	1	0.0	2150
gi|115583796|gb|CP000438.1|	gb|NG_049913.1|+|0-1194|ARO:3006769|PDC-40	99.162	1194	10	0	932631	933824	1194	1	0.0	2150
gi|115583796|gb|CP000438.1|	gb|NG_065922.1|+|0-1194|ARO:3006741|PDC-370	99.162	1194	10	0	932631	933824	1194	1	0.0	2150
gi|115583796|gb|CP000438.1|	gb|NG_065917.1|+|0-1194|ARO:3006735|PDC-365	99.162	1194	10	0	932631	933824	1194	1	0.0	2150
gi|115583796|gb|CP000438.1|	gb|NG_065912.1|+|0-1194|ARO:3006730|PDC-360	99.162	1194	10	0	932631	933824	1194	1	0.0	2150
gi|115583796|gb|CP000438.1|	gb|NG_065905.1|+|0-1194|ARO:3006722|PDC-353	99.162	1194	10	0	932631	933824	1194	1	0.0	2150
gi|115583796|gb|CP000438.1|	gb|NG_065893.1|+|0-1194|ARO:3006711|PDC-341	99.162	1194	10	0	932631	933824	1194	1	0.0	2150
gi|115583796|gb|CP000438.1|	gb|NG_057605.1|+|0-1194|ARO:3006648|PDC-274	99.162	1194	10	0	932631	933824	1194	1	0.0	2150
gi|115583796|gb|CP000438.1|	gb|NG_057604.1|+|0-1194|ARO:3006647|PDC-273	99.162	1194	10	0	932631	933824	1194	1	0.0	2150
gi|115583796|gb|CP000438.1|	gb|NG_057592.1|+|0-1194|ARO:3006637|PDC-260	99.162	1194	10	0	932631	933824	1194	1	0.0	2150
gi|115583796|gb|CP000438.1|	gb|NG_055276.1|+|0-1194|ARO:3006590|PDC-213	99.162	1194	10	0	932631	933824	1194	1	0.0	2150
gi|115583796|gb|CP000438.1|	gb|NG_054984.1|+|0-1194|ARO:3006578|PDC-199	99.162	1194	10	0	932631	933824	1194	1	0.0	2150
gi|115583796|gb|CP000438.1|	gb|NG_054983.1|+|0-1194|ARO:3006577|PDC-198	99.162	1194	10	0	932631	933824	1194	1	0.0	2150
gi|115583796|gb|CP000438.1|	gb|NG_054976.1|+|0-1194|ARO:3006569|PDC-190	99.162	1194	10	0	932631	933824	1194	1	0.0	2150
gi|115583796|gb|CP000438.1|	gb|NG_054973.1|+|0-1194|ARO:3006566|PDC-187	99.162	1194	10	0	932631	933824	1194	1	0.0	2150
gi|115583796|gb|CP000438.1|	gb|NG_050787.1|+|0-1194|ARO:3006508|PDC-131	99.162	1194	10	0	932631	933824	1194	1	0.0	2150
gi|115583796|gb|CP000438.1|	gb|NG_049879.1|+|0-1194|ARO:3006489|PDC-111	99.162	1194	10	0	932631	933824	1194	1	0.0	2150
gi|115583796|gb|CP000438.1|	gb|NG_049867.1|+|0-1194|ARO:3006480|PDC-100	99.162	1194	10	0	932631	933824	1194	1	0.0	2150
gi|115583796|gb|CP000438.1|	gb|NG_068201.1|+|0-1194|ARO:3005282|PDC-413	99.162	1194	10	0	932631	933824	1194	1	0.0	2150
gi|115583796|gb|CP000438.1|	gb|KJ949063.1|+|0-1194|ARO:3005148|PDC-48	99.162	1194	10	0	932631	933824	1194	1	0.0	2150
gi|115583796|gb|CP000438.1|	gb|KJ949060.1|+|0-1194|ARO:3005145|PDC-45	99.162	1194	10	0	932631	933824	1194	1	0.0	2150
gi|115583796|gb|CP000438.1|	gb|NG_066540.1|+|0-1194|ARO:3005283|PDC-384	99.162	1194	10	0	932631	933824	1194	1	0.0	2150
gi|115583796|gb|CP000438.1|	gb|FJ666064.1|+|0-1194|ARO:3002498|PDC-2	99.162	1194	10	0	932631	933824	1194	1	0.0	2150
gi|115583796|gb|CP000438.1|	gb|FJ666066.1|+|0-1194|ARO:3002500|PDC-3	99.162	1194	10	0	932631	933824	1194	1	0.0	2150
gi|115583796|gb|CP000438.1|	gb|FJ666070.1|+|0-1194|ARO:3002506|PDC-7	99.162	1194	10	0	932631	933824	1194	1	0.0	2150
gi|115583796|gb|CP000438.1|	gb|NG_065929.1|+|0-1197|ARO:3006747|PDC-377	99.081	1197	8	1	932631	933824	1197	1	0.0	2146
gi|115583796|gb|CP000438.1|	gb|NG_066525.1|+|0-1197|ARO:3006688|PDC-318	99.081	1197	8	1	932631	933824	1197	1	0.0	2146
gi|115583796|gb|CP000438.1|	gb|NG_068033.1|+|0-1197|ARO:3005308|PDC-393	99.081	1197	8	1	932631	933824	1197	1	0.0	2146
gi|115583796|gb|CP000438.1|	gb|NG_049954.1|+|0-1194|ARO:3006850|PDC-97	99.079	1194	11	0	932631	933824	1194	1	0.0	2145
gi|115583796|gb|CP000438.1|	gb|NG_073483.1|+|0-1194|ARO:3006838|PDC-472	99.079	1194	11	0	932631	933824	1194	1	0.0	2145
gi|115583796|gb|CP000438.1|	gb|NG_070208.1|+|0-1194|ARO:3006810|PDC-442	99.079	1194	11	0	932631	933824	1194	1	0.0	2145
gi|115583796|gb|CP000438.1|	gb|NG_070198.1|+|0-1194|ARO:3006801|PDC-432	99.079	1194	11	0	932631	933824	1194	1	0.0	2145
gi|115583796|gb|CP000438.1|	gb|NG_070192.1|+|0-1194|ARO:3006796|PDC-426	99.079	1194	11	0	932631	933824	1194	1	0.0	2145
gi|115583796|gb|CP000438.1|	gb|NG_068202.1|+|0-1194|ARO:3006783|PDC-414	99.079	1194	11	0	932631	933824	1194	1	0.0	2145
gi|115583796|gb|CP000438.1|	gb|NG_068197.1|+|0-1194|ARO:3006779|PDC-409	99.079	1194	11	0	932631	933824	1194	1	0.0	2145
gi|115583796|gb|CP000438.1|	gb|NG_068195.1|+|0-1194|ARO:3006777|PDC-407	99.079	1194	11	0	932631	933824	1194	1	0.0	2145
gi|115583796|gb|CP000438.1|	gb|NG_065915.1|+|0-1194|ARO:3006733|PDC-363	99.079	1194	11	0	932631	933824	1194	1	0.0	2145
gi|115583796|gb|CP000438.1|	gb|NG_065903.1|+|0-1194|ARO:3006721|PDC-351	99.079	1194	11	0	932631	933824	1194	1	0.0	2145
gi|115583796|gb|CP000438.1|	gb|NG_065890.1|+|0-1194|ARO:3006707|PDC-338	99.079	1194	11	0	932631	933824	1194	1	0.0	2145
gi|115583796|gb|CP000438.1|	gb|NG_066526.1|+|0-1194|ARO:3006689|PDC-319	99.079	1194	11	0	932631	933824	1194	1	0.0	2145
gi|115583796|gb|CP000438.1|	gb|NG_062258.1|+|0-1194|ARO:3006677|PDC-307	99.079	1194	11	0	932631	933824	1194	1	0.0	2145
gi|115583796|gb|CP000438.1|	gb|NG_060538.1|+|0-1194|ARO:3006658|PDC-286	99.079	1194	11	0	932631	933824	1194	1	0.0	2145
gi|115583796|gb|CP000438.1|	gb|NG_060553.1|+|0-1194|ARO:3006657|PDC-283	99.079	1194	11	0	932631	933824	1194	1	0.0	2145
gi|115583796|gb|CP000438.1|	gb|NG_060552.1|+|0-1194|ARO:3006656|PDC-282	99.079	1194	11	0	932631	933824	1194	1	0.0	2145
gi|115583796|gb|CP000438.1|	gb|NG_057593.1|+|0-1194|ARO:3006638|PDC-261	99.079	1194	11	0	932631	933824	1194	1	0.0	2145
gi|115583796|gb|CP000438.1|	gb|NG_057588.1|+|0-1194|ARO:3006634|PDC-256	99.079	1194	11	0	932631	933824	1194	1	0.0	2145
gi|115583796|gb|CP000438.1|	gb|NG_057586.1|+|0-1194|ARO:3006633|PDC-254	99.079	1194	11	0	932631	933824	1194	1	0.0	2145
gi|115583796|gb|CP000438.1|	gb|NG_049897.1|+|0-1194|ARO:3006618|PDC-24	99.079	1194	11	0	932631	933824	1194	1	0.0	2145
gi|115583796|gb|CP000438.1|	gb|NG_049895.1|+|0-1194|ARO:3006599|PDC-22	99.079	1194	11	0	932631	933824	1194	1	0.0	2145
gi|115583796|gb|CP000438.1|	gb|NG_054995.1|+|0-1194|ARO:3006588|PDC-210	99.079	1194	11	0	932631	933824	1194	1	0.0	2145
gi|115583796|gb|CP000438.1|	gb|NG_054988.1|+|0-1194|ARO:3006582|PDC-203	99.079	1194	11	0	932631	933824	1194	1	0.0	2145
gi|115583796|gb|CP000438.1|	gb|NG_054981.1|+|0-1194|ARO:3006574|PDC-195	99.079	1194	11	0	932631	933824	1194	1	0.0	2145
gi|115583796|gb|CP000438.1|	gb|NG_054978.1|+|0-1194|ARO:3006571|PDC-192	99.079	1194	11	0	932631	933824	1194	1	0.0	2145
gi|115583796|gb|CP000438.1|	gb|NG_054977.1|+|0-1194|ARO:3006570|PDC-191	99.079	1194	11	0	932631	933824	1194	1	0.0	2145
gi|115583796|gb|CP000438.1|	gb|NG_049888.1|+|0-1194|ARO:3006559|PDC-18	99.079	1194	11	0	932631	933824	1194	1	0.0	2145
gi|115583796|gb|CP000438.1|	gb|NG_054679.1|+|0-1194|ARO:3006556|PDC-177	99.079	1194	11	0	932631	933824	1194	1	0.0	2145
gi|115583796|gb|CP000438.1|	gb|NG_052892.1|+|0-1194|ARO:3006555|PDC-176	99.079	1194	11	0	932631	933824	1194	1	0.0	2145
gi|115583796|gb|CP000438.1|	gb|NG_050983.1|+|0-1194|ARO:3006551|PDC-171	99.079	1194	11	0	932631	933824	1194	1	0.0	2145
gi|115583796|gb|CP000438.1|	gb|NG_050830.1|+|0-1194|ARO:3006535|PDC-157	99.079	1194	11	0	932631	933824	1194	1	0.0	2145
gi|115583796|gb|CP000438.1|	gb|NG_050823.1|+|0-1194|ARO:3006528|PDC-150	99.079	1194	11	0	932631	933824	1194	1	0.0	2145
gi|115583796|gb|CP000438.1|	gb|NG_050815.1|+|0-1194|ARO:3006519|PDC-142	99.079	1194	11	0	932631	933824	1194	1	0.0	2145
gi|115583796|gb|CP000438.1|	gb|NG_050797.1|+|0-1194|ARO:3006518|PDC-141	99.079	1194	11	0	932631	933824	1194	1	0.0	2145
gi|115583796|gb|CP000438.1|	gb|NG_050785.1|+|0-1194|ARO:3006505|PDC-129	99.079	1194	11	0	932631	933824	1194	1	0.0	2145
gi|115583796|gb|CP000438.1|	gb|NG_055487.1|+|0-1194|ARO:3006499|PDC-123	99.079	1194	11	0	932631	933824	1194	1	0.0	2145
gi|115583796|gb|CP000438.1|	gb|NG_055479.1|+|0-1194|ARO:3006493|PDC-115	99.079	1194	11	0	932631	933824	1194	1	0.0	2145
gi|115583796|gb|CP000438.1|	gb|NG_049881.1|+|0-1194|ARO:3006491|PDC-113	99.079	1194	11	0	932631	933824	1194	1	0.0	2145
gi|115583796|gb|CP000438.1|	gb|NG_049869.1|+|0-1194|ARO:3006482|PDC-102	99.079	1194	11	0	932631	933824	1194	1	0.0	2145
gi|115583796|gb|CP000438.1|	gb|NG_055481.1|+|0-1194|ARO:3005303|PDC-117	99.079	1194	11	0	932631	933824	1194	1	0.0	2145
gi|115583796|gb|CP000438.1|	gb|NG_057587.1|+|0-1194|ARO:3005297|PDC-255	99.079	1194	11	0	932631	933824	1194	1	0.0	2145
gi|115583796|gb|CP000438.1|	gb|NG_057603.1|+|0-1194|ARO:3005296|PDC-272	99.079	1194	11	0	932631	933824	1194	1	0.0	2145
gi|115583796|gb|CP000438.1|	gb|KJ949069.1|+|0-1194|ARO:3005135|PDC-54	99.079	1194	11	0	932631	933824	1194	1	0.0	2145
gi|115583796|gb|CP000438.1|	gb|KJ949062.1|+|0-1194|ARO:3005128|PDC-47	99.079	1194	11	0	932631	933824	1194	1	0.0	2145
gi|115583796|gb|CP000438.1|	gb|FJ666067.1|+|0-1194|ARO:3002501|PDC-4	99.079	1194	11	0	932631	933824	1194	1	0.0	2145
gi|115583796|gb|CP000438.1|	gb|FJ666073.1|+|0-1194|ARO:3002509|PDC-10	99.079	1194	11	0	932631	933824	1194	1	0.0	2145
gi|115583796|gb|CP000438.1|	gb|FJ666065.1|+|0-1194|ARO:3002497|PDC-1	99.079	1194	11	0	932631	933824	1194	1	0.0	2145
gi|115583796|gb|CP000438.1|	gb|FJ666068.1|+|0-1194|ARO:3002502|PDC-5	99.079	1194	11	0	932631	933824	1194	1	0.0	2145
gi|115583796|gb|CP000438.1|	gb|FJ666071.1|+|0-1194|ARO:3002507|PDC-8	99.079	1194	11	0	932631	933824	1194	1	0.0	2145
gi|115583796|gb|CP000438.1|	gb|NG_070200.1|+|0-1194|ARO:3006803|PDC-434	98.995	1194	12	0	932631	933824	1194	1	0.0	2139
gi|115583796|gb|CP000438.1|	gb|NG_070199.1|+|0-1194|ARO:3006802|PDC-433	98.995	1194	12	0	932631	933824	1194	1	0.0	2139
gi|115583796|gb|CP000438.1|	gb|NG_070188.1|+|0-1194|ARO:3006792|PDC-422	98.995	1194	12	0	932631	933824	1194	1	0.0	2139
gi|115583796|gb|CP000438.1|	gb|NG_068188.1|+|0-1194|ARO:3006770|PDC-400	98.995	1194	12	0	932631	933824	1194	1	0.0	2139
gi|115583796|gb|CP000438.1|	gb|NG_066757.1|+|0-1194|ARO:3006757|PDC-388	98.995	1194	12	0	932631	933824	1194	1	0.0	2139
gi|115583796|gb|CP000438.1|	gb|NG_065930.1|+|0-1194|ARO:3006748|PDC-378	98.995	1194	12	0	932631	933824	1194	1	0.0	2139
gi|115583796|gb|CP000438.1|	gb|NG_065920.1|+|0-1194|ARO:3006738|PDC-368	98.995	1194	12	0	932631	933824	1194	1	0.0	2139
gi|115583796|gb|CP000438.1|	gb|NG_065919.1|+|0-1194|ARO:3006737|PDC-367	98.995	1194	12	0	932631	933824	1194	1	0.0	2139
gi|115583796|gb|CP000438.1|	gb|NG_065914.1|+|0-1194|ARO:3006732|PDC-362	98.995	1194	12	0	932631	933824	1194	1	0.0	2139
gi|115583796|gb|CP000438.1|	gb|NG_049908.1|+|0-1194|ARO:3006729|PDC-36	98.995	1194	12	0	932631	933824	1194	1	0.0	2139
gi|115583796|gb|CP000438.1|	gb|NG_066537.1|+|0-1194|ARO:3006700|PDC-330	98.995	1194	12	0	932631	933824	1194	1	0.0	2139
gi|115583796|gb|CP000438.1|	gb|NG_063888.1|+|0-1194|ARO:3006687|PDC-317	98.995	1194	12	0	932631	933824	1194	1	0.0	2139
gi|115583796|gb|CP000438.1|	gb|NG_062265.1|+|0-1194|ARO:3006684|PDC-314	98.995	1194	12	0	932631	933824	1194	1	0.0	2139
gi|115583796|gb|CP000438.1|	gb|NG_062260.1|+|0-1194|ARO:3006679|PDC-309	98.995	1194	12	0	932631	933824	1194	1	0.0	2139
gi|115583796|gb|CP000438.1|	gb|NG_061624.1|+|0-1194|ARO:3006676|PDC-305	98.995	1194	12	0	932631	933824	1194	1	0.0	2139
gi|115583796|gb|CP000438.1|	gb|NG_060567.1|+|0-1194|ARO:3006673|PDC-302	98.995	1194	12	0	932631	933824	1194	1	0.0	2139
gi|115583796|gb|CP000438.1|	gb|NG_060566.1|+|0-1194|ARO:3006672|PDC-301	98.995	1194	12	0	932631	933824	1194	1	0.0	2139
gi|115583796|gb|CP000438.1|	gb|NG_060545.1|+|0-1194|ARO:3006671|PDC-300	98.995	1194	12	0	932631	933824	1194	1	0.0	2139
gi|115583796|gb|CP000438.1|	gb|NG_060542.1|+|0-1194|ARO:3006667|PDC-297	98.995	1194	12	0	932631	933824	1194	1	0.0	2139
gi|115583796|gb|CP000438.1|	gb|NG_060556.1|+|0-1194|ARO:3006659|PDC-287	98.995	1194	12	0	932631	933824	1194	1	0.0	2139
gi|115583796|gb|CP000438.1|	gb|NG_060550.1|+|0-1194|ARO:3006654|PDC-280	98.995	1194	12	0	932631	933824	1194	1	0.0	2139
gi|115583796|gb|CP000438.1|	gb|NG_057600.1|+|0-1194|ARO:3006644|PDC-268	98.995	1194	12	0	932631	933824	1194	1	0.0	2139
gi|115583796|gb|CP000438.1|	gb|NG_057598.1|+|0-1194|ARO:3006642|PDC-266	98.995	1194	12	0	932631	933824	1194	1	0.0	2139
gi|115583796|gb|CP000438.1|	gb|NG_057595.1|+|0-1194|ARO:3006640|PDC-263	98.995	1194	12	0	932631	933824	1194	1	0.0	2139
gi|115583796|gb|CP000438.1|	gb|NG_057591.2|+|0-1194|ARO:3006635|PDC-259	98.995	1194	12	0	932631	933824	1194	1	0.0	2139
gi|115583796|gb|CP000438.1|	gb|NG_057584.1|+|0-1194|ARO:3006631|PDC-252	98.995	1194	12	0	932631	933824	1194	1	0.0	2139
gi|115583796|gb|CP000438.1|	gb|NG_056389.1|+|0-1194|ARO:3006612|PDC-234	98.995	1194	12	0	932631	933824	1194	1	0.0	2139
gi|115583796|gb|CP000438.1|	gb|NG_056419.1|+|0-1194|ARO:3006606|PDC-227	98.995	1194	12	0	932631	933824	1194	1	0.0	2139
gi|115583796|gb|CP000438.1|	gb|NG_049893.1|+|0-1194|ARO:3006597|PDC-21a	98.995	1194	12	0	932631	933824	1194	1	0.0	2139
gi|115583796|gb|CP000438.1|	gb|NG_055281.1|+|0-1194|ARO:3006595|PDC-218	98.995	1194	12	0	932631	933824	1194	1	0.0	2139
gi|115583796|gb|CP000438.1|	gb|NG_054991.1|+|0-1194|ARO:3006585|PDC-206	98.995	1194	12	0	932631	933824	1194	1	0.0	2139
gi|115583796|gb|CP000438.1|	gb|NG_054990.1|+|0-1194|ARO:3006584|PDC-205	98.995	1194	12	0	932631	933824	1194	1	0.0	2139
gi|115583796|gb|CP000438.1|	gb|NG_049892.1|+|0-1194|ARO:3006579|PDC-20	98.995	1194	12	0	932631	933824	1194	1	0.0	2139
gi|115583796|gb|CP000438.1|	gb|NG_054971.1|+|0-1194|ARO:3006564|PDC-185	98.995	1194	12	0	932631	933824	1194	1	0.0	2139
gi|115583796|gb|CP000438.1|	gb|NG_054970.1|+|0-1194|ARO:3006563|PDC-184	98.995	1194	12	0	932631	933824	1194	1	0.0	2139
gi|115583796|gb|CP000438.1|	gb|NG_054968.1|+|0-1194|ARO:3006562|PDC-182	98.995	1194	12	0	932631	933824	1194	1	0.0	2139
gi|115583796|gb|CP000438.1|	gb|NG_054967.1|+|0-1194|ARO:3006561|PDC-181	98.995	1194	12	0	932631	933824	1194	1	0.0	2139
gi|115583796|gb|CP000438.1|	gb|NG_052625.1|+|100-1294|ARO:3006553|PDC-174	98.995	1194	12	0	932631	933824	1194	1	0.0	2139
gi|115583796|gb|CP000438.1|	gb|NG_050980.1|+|0-1194|ARO:3006547|PDC-168	98.995	1194	12	0	932631	933824	1194	1	0.0	2139
gi|115583796|gb|CP000438.1|	gb|NG_050946.1|+|0-1188|ARO:3006545|PDC-166	99.079	1194	5	1	932631	933824	1188	1	0.0	2139
gi|115583796|gb|CP000438.1|	gb|NG_050831.1|+|0-1194|ARO:3006536|PDC-158	98.995	1194	12	0	932631	933824	1194	1	0.0	2139
gi|115583796|gb|CP000438.1|	gb|NG_050829.1|+|0-1194|ARO:3006534|PDC-156	98.995	1194	12	0	932631	933824	1194	1	0.0	2139
gi|115583796|gb|CP000438.1|	gb|NG_050827.1|+|0-1194|ARO:3006532|PDC-154	98.995	1194	12	0	932631	933824	1194	1	0.0	2139
gi|115583796|gb|CP000438.1|	gb|NG_050793.1|+|0-1194|ARO:3006514|PDC-137	98.995	1194	12	0	932631	933824	1194	1	0.0	2139
gi|115583796|gb|CP000438.1|	gb|NG_050790.1|+|0-1194|ARO:3006511|PDC-134	98.995	1194	12	0	932631	933824	1194	1	0.0	2139
gi|115583796|gb|CP000438.1|	gb|NG_050784.1|+|0-1194|ARO:3006504|PDC-128	98.995	1194	12	0	932631	933824	1194	1	0.0	2139
gi|115583796|gb|CP000438.1|	gb|NG_055488.1|+|0-1194|ARO:3006500|PDC-124	98.995	1194	12	0	932631	933824	1194	1	0.0	2139
gi|115583796|gb|CP000438.1|	gb|NG_055480.1|+|0-1194|ARO:3006494|PDC-116	98.995	1194	12	0	932631	933824	1194	1	0.0	2139
gi|115583796|gb|CP000438.1|	gb|NG_049868.1|+|0-1194|ARO:3006481|PDC-101	98.995	1194	12	0	932631	933824	1194	1	0.0	2139
gi|115583796|gb|CP000438.1|	gb|NG_055483.1|+|0-1194|ARO:3005309|PDC-119	98.995	1194	12	0	932631	933824	1194	1	0.0	2139
gi|115583796|gb|CP000438.1|	gb|NG_054992.1|+|0-1194|ARO:3005300|PDC-207	98.995	1194	12	0	932631	933824	1194	1	0.0	2139
gi|115583796|gb|CP000438.1|	gb|KJ949084.1|+|0-1194|ARO:3005153|PDC-69	98.995	1194	12	0	932631	933824	1194	1	0.0	2139
gi|115583796|gb|CP000438.1|	gb|KJ949068.1|+|0-1194|ARO:3005151|PDC-53	98.995	1194	12	0	932631	933824	1194	1	0.0	2139
gi|115583796|gb|CP000438.1|	gb|MG696099.1|+|0-1194|ARO:3005143|PDC-240	98.995	1194	12	0	932631	933824	1194	1	0.0	2139
gi|115583796|gb|CP000438.1|	gb|KJ949071.1|+|0-1194|ARO:3005140|PDC-56	98.995	1194	12	0	932631	933824	1194	1	0.0	2139
gi|115583796|gb|CP000438.1|	gb|KJ949082.1|+|0-1194|ARO:3005139|PDC-67	98.995	1194	12	0	932631	933824	1194	1	0.0	2139
gi|115583796|gb|CP000438.1|	gb|GQ845017.1|+|0-1194|ARO:3005127|PDC-14	98.995	1194	12	0	932631	933824	1194	1	0.0	2139
gi|115583796|gb|CP000438.1|	gb|NG_057590.1|+|0-1194|ARO:3005281|PDC-258	98.995	1194	12	0	932631	933824	1194	1	0.0	2139
gi|115583796|gb|CP000438.1|	gb|NG_051744.1|+|100-1294|ARO:3004337|PDC-74	98.995	1194	12	0	932631	933824	1194	1	0.0	2139
gi|115583796|gb|CP000438.1|	gb|FJ666069.1|+|0-1194|ARO:3002505|PDC-6	98.995	1194	12	0	932631	933824	1194	1	0.0	2139
gi|115583796|gb|CP000438.1|	gb|NG_049952.1|+|0-1194|ARO:3006848|PDC-95	98.911	1194	13	0	932631	933824	1194	1	0.0	2134
gi|115583796|gb|CP000438.1|	gb|NG_049935.1|+|0-1194|ARO:3006844|PDC-60	98.911	1194	13	0	932631	933824	1194	1	0.0	2134
gi|115583796|gb|CP000438.1|	gb|NG_049932.1|+|0-1194|ARO:3006843|PDC-58	98.911	1194	13	0	932631	933824	1194	1	0.0	2134
gi|115583796|gb|CP000438.1|	gb|NG_070218.1|+|0-1194|ARO:3006819|PDC-452	98.911	1194	13	0	932631	933824	1194	1	0.0	2134
gi|115583796|gb|CP000438.1|	gb|NG_070212.1|+|0-1194|ARO:3006814|PDC-446	98.911	1194	13	0	932631	933824	1194	1	0.0	2134
gi|115583796|gb|CP000438.1|	gb|NG_070211.1|+|0-1194|ARO:3006813|PDC-445	98.911	1194	13	0	932631	933824	1194	1	0.0	2134
gi|115583796|gb|CP000438.1|	gb|NG_070210.1|+|0-1194|ARO:3006812|PDC-444	98.911	1194	13	0	932631	933824	1194	1	0.0	2134
gi|115583796|gb|CP000438.1|	gb|NG_070207.1|+|0-1194|ARO:3006809|PDC-441	98.911	1194	13	0	932631	933824	1194	1	0.0	2134
gi|115583796|gb|CP000438.1|	gb|NG_070206.1|+|0-1194|ARO:3006808|PDC-440	98.911	1194	13	0	932631	933824	1194	1	0.0	2134
gi|115583796|gb|CP000438.1|	gb|NG_070197.1|+|0-1194|ARO:3006800|PDC-431	98.911	1194	13	0	932631	933824	1194	1	0.0	2134
gi|115583796|gb|CP000438.1|	gb|NG_070196.1|+|0-1194|ARO:3006799|PDC-430	98.911	1194	13	0	932631	933824	1194	1	0.0	2134
gi|115583796|gb|CP000438.1|	gb|NG_070193.1|+|0-1194|ARO:3006797|PDC-427	98.911	1194	13	0	932631	933824	1194	1	0.0	2134
gi|115583796|gb|CP000438.1|	gb|NG_070191.1|+|0-1194|ARO:3006795|PDC-425	98.911	1194	13	0	932631	933824	1194	1	0.0	2134
gi|115583796|gb|CP000438.1|	gb|NG_070189.1|+|0-1194|ARO:3006793|PDC-423	98.911	1194	13	0	932631	933824	1194	1	0.0	2134
gi|115583796|gb|CP000438.1|	gb|NG_068208.1|+|0-1194|ARO:3006790|PDC-420	98.911	1194	13	0	932631	933824	1194	1	0.0	2134
gi|115583796|gb|CP000438.1|	gb|NG_068207.1|+|0-1194|ARO:3006788|PDC-419	98.911	1194	13	0	932631	933824	1194	1	0.0	2134
gi|115583796|gb|CP000438.1|	gb|NG_068203.1|+|0-1194|ARO:3006784|PDC-415	98.911	1194	13	0	932631	933824	1194	1	0.0	2134
gi|115583796|gb|CP000438.1|	gb|NG_068190.1|+|0-1194|ARO:3006772|PDC-402	98.911	1194	13	0	932631	933824	1194	1	0.0	2134
gi|115583796|gb|CP000438.1|	gb|NG_065927.1|+|0-1194|ARO:3006746|PDC-375	98.911	1194	13	0	932631	933824	1194	1	0.0	2134
gi|115583796|gb|CP000438.1|	gb|NG_065918.1|+|0-1194|ARO:3006736|PDC-366	98.911	1194	13	0	932631	933824	1194	1	0.0	2134
gi|115583796|gb|CP000438.1|	gb|NG_065913.1|+|0-1194|ARO:3006731|PDC-361	98.911	1194	13	0	932631	933824	1194	1	0.0	2134
gi|115583796|gb|CP000438.1|	gb|NG_065887.1|+|0-1194|ARO:3006705|PDC-335	98.911	1194	13	0	932631	933824	1194	1	0.0	2134
gi|115583796|gb|CP000438.1|	gb|NG_065886.1|+|0-1194|ARO:3006704|PDC-334	98.911	1194	13	0	932631	933824	1194	1	0.0	2134
gi|115583796|gb|CP000438.1|	gb|NG_066535.1|+|0-1194|ARO:3006697|PDC-328	98.911	1194	13	0	932631	933824	1194	1	0.0	2134
gi|115583796|gb|CP000438.1|	gb|NG_066529.1|+|0-1194|ARO:3006693|PDC-322	98.911	1194	13	0	932631	933824	1194	1	0.0	2134
gi|115583796|gb|CP000438.1|	gb|NG_066528.1|+|0-1194|ARO:3006692|PDC-321	98.911	1194	13	0	932631	933824	1194	1	0.0	2134
gi|115583796|gb|CP000438.1|	gb|NG_049903.1|+|0-1194|ARO:3006680|PDC-31	98.911	1194	13	0	932631	933824	1194	1	0.0	2134
gi|115583796|gb|CP000438.1|	gb|NG_060568.1|+|0-1194|ARO:3006674|PDC-303	98.911	1194	13	0	932631	933824	1194	1	0.0	2134
gi|115583796|gb|CP000438.1|	gb|NG_060544.1|+|0-1194|ARO:3006669|PDC-299	98.911	1194	13	0	932631	933824	1194	1	0.0	2134
gi|115583796|gb|CP000438.1|	gb|NG_060543.1|+|0-1194|ARO:3006668|PDC-298	98.911	1194	13	0	932631	933824	1194	1	0.0	2134
gi|115583796|gb|CP000438.1|	gb|NG_060541.1|+|0-1194|ARO:3006666|PDC-296	98.911	1194	13	0	932631	933824	1194	1	0.0	2134
gi|115583796|gb|CP000438.1|	gb|NG_060540.1|+|0-1194|ARO:3006665|PDC-295	98.911	1194	13	0	932631	933824	1194	1	0.0	2134
gi|115583796|gb|CP000438.1|	gb|NG_060549.1|+|0-1194|ARO:3006653|PDC-279	98.911	1194	13	0	932631	933824	1194	1	0.0	2134
gi|115583796|gb|CP000438.1|	gb|NG_060548.1|+|0-1194|ARO:3006652|PDC-278	98.911	1194	13	0	932631	933824	1194	1	0.0	2134
gi|115583796|gb|CP000438.1|	gb|NG_060546.1|+|0-1194|ARO:3006650|PDC-276	98.911	1194	13	0	932631	933824	1194	1	0.0	2134
gi|115583796|gb|CP000438.1|	gb|NG_049899.1|+|0-1194|ARO:3006636|PDC-26	98.911	1194	13	0	932631	933824	1194	1	0.0	2134
gi|115583796|gb|CP000438.1|	gb|NG_056402.1|+|0-1194|ARO:3006625|PDC-247	98.911	1194	13	0	932631	933824	1194	1	0.0	2134
gi|115583796|gb|CP000438.1|	gb|NG_056401.1|+|0-1194|ARO:3006624|PDC-246	98.911	1194	13	0	932631	933824	1194	1	0.0	2134
gi|115583796|gb|CP000438.1|	gb|NG_056424.1|+|0-1194|ARO:3006610|PDC-232	98.911	1194	13	0	932631	933824	1194	1	0.0	2134
gi|115583796|gb|CP000438.1|	gb|NG_056422.1|+|0-1194|ARO:3006609|PDC-230	98.911	1194	13	0	932631	933824	1194	1	0.0	2134
gi|115583796|gb|CP000438.1|	gb|NG_056104.1|+|0-1194|ARO:3006605|PDC-226	98.911	1194	13	0	932631	933824	1194	1	0.0	2134
gi|115583796|gb|CP000438.1|	gb|NG_056056.1|+|0-1194|ARO:3006602|PDC-222	98.911	1194	13	0	932631	933824	1194	1	0.0	2134
gi|115583796|gb|CP000438.1|	gb|NG_056055.1|+|0-1194|ARO:3006601|PDC-221	98.911	1194	13	0	932631	933824	1194	1	0.0	2134
gi|115583796|gb|CP000438.1|	gb|NG_055279.1|+|0-1194|ARO:3006593|PDC-216	98.911	1194	13	0	932631	933824	1194	1	0.0	2134
gi|115583796|gb|CP000438.1|	gb|NG_054993.1|+|0-1194|ARO:3006586|PDC-208	98.911	1194	13	0	932631	933824	1194	1	0.0	2134
gi|115583796|gb|CP000438.1|	gb|NG_054974.1|+|0-1194|ARO:3006567|PDC-188	98.911	1194	13	0	932631	933824	1194	1	0.0	2134
gi|115583796|gb|CP000438.1|	gb|NG_050837.1|+|0-1194|ARO:3006543|PDC-164	98.911	1194	13	0	932631	933824	1194	1	0.0	2134
gi|115583796|gb|CP000438.1|	gb|NG_050835.1|+|0-1194|ARO:3006541|PDC-162	98.911	1194	13	0	932631	933824	1194	1	0.0	2134
gi|115583796|gb|CP000438.1|	gb|NG_049885.1|+|0-1194|ARO:3006527|PDC-15	98.911	1194	13	0	932631	933824	1194	1	0.0	2134
gi|115583796|gb|CP000438.1|	gb|NG_050822.1|+|0-1194|ARO:3006526|PDC-149	98.911	1194	13	0	932631	933824	1194	1	0.0	2134
gi|115583796|gb|CP000438.1|	gb|NG_050819.1|+|0-1194|ARO:3006523|PDC-146	98.911	1194	13	0	932631	933824	1194	1	0.0	2134
gi|115583796|gb|CP000438.1|	gb|NG_050795.1|+|0-1194|ARO:3006516|PDC-139	98.911	1194	13	0	932631	933824	1194	1	0.0	2134
gi|115583796|gb|CP000438.1|	gb|NG_050788.1|+|0-1194|ARO:3006509|PDC-132	98.911	1194	13	0	932631	933824	1194	1	0.0	2134
gi|115583796|gb|CP000438.1|	gb|NG_055478.1|+|0-1194|ARO:3006492|PDC-114	98.911	1194	13	0	932631	933824	1194	1	0.0	2134
gi|115583796|gb|CP000438.1|	gb|NG_049876.1|+|0-1194|ARO:3006487|PDC-109	98.911	1194	13	0	932631	933824	1194	1	0.0	2134
gi|115583796|gb|CP000438.1|	gb|NG_057589.1|+|0-1194|ARO:3005311|PDC-257	98.911	1194	13	0	932631	933824	1194	1	0.0	2134
gi|115583796|gb|CP000438.1|	gb|NG_062264.1|+|0-1194|ARO:3005310|PDC-313	98.911	1194	13	0	932631	933824	1194	1	0.0	2134
gi|115583796|gb|CP000438.1|	gb|NG_054969.1|+|0-1194|ARO:3005299|PDC-183	98.911	1194	13	0	932631	933824	1194	1	0.0	2134
gi|115583796|gb|CP000438.1|	gb|NG_065932.1|+|0-1194|ARO:3005293|PDC-380	98.911	1194	13	0	932631	933824	1194	1	0.0	2134
gi|115583796|gb|CP000438.1|	gb|NG_065904.1|+|0-1194|ARO:3005290|PDC-352	98.911	1194	13	0	932631	933824	1194	1	0.0	2134
gi|115583796|gb|CP000438.1|	gb|NG_055274.1|+|0-1194|ARO:3005289|PDC-212	98.911	1194	13	0	932631	933824	1194	1	0.0	2134
gi|115583796|gb|CP000438.1|	gb|NG_054986.1|+|0-1194|ARO:3005285|PDC-201	98.911	1194	13	0	932631	933824	1194	1	0.0	2134
gi|115583796|gb|CP000438.1|	gb|KJ949087.1|+|0-1194|ARO:3005152|PDC-72	98.911	1194	13	0	932631	933824	1194	1	0.0	2134
gi|115583796|gb|CP000438.1|	gb|KJ949067.1|+|0-1194|ARO:3005141|PDC-52	98.911	1194	13	0	932631	933824	1194	1	0.0	2134
gi|115583796|gb|CP000438.1|	gb|KJ949058.1|+|0-1194|ARO:3005134|PDC-43	98.911	1194	13	0	932631	933824	1194	1	0.0	2134
gi|115583796|gb|CP000438.1|	gb|KJ949066.1|+|0-1194|ARO:3005129|PDC-51	98.911	1194	13	0	932631	933824	1194	1	0.0	2134
gi|115583796|gb|CP000438.1|	gb|KJ949085.1|+|0-1194|ARO:3005123|PDC-70	98.911	1194	13	0	932631	933824	1194	1	0.0	2134
gi|115583796|gb|CP000438.1|	gb|KX354370.1|+|0-1194|ARO:3004343|PDC-80	98.911	1194	13	0	932631	933824	1194	1	0.0	2134
gi|115583796|gb|CP000438.1|	gb|KJ949070.1|+|0-1215|ARO:3005039|PDC-55	98.201	1223	14	1	932602	933824	1215	1	0.0	2130
gi|115583796|gb|CP000438.1|	gb|NG_049947.1|+|0-1194|ARO:3006846|PDC-71	98.827	1194	14	0	932631	933824	1194	1	0.0	2128
gi|115583796|gb|CP000438.1|	gb|NG_073482.1|+|0-1194|ARO:3006837|PDC-471	98.827	1194	14	0	932631	933824	1194	1	0.0	2128
gi|115583796|gb|CP000438.1|	gb|NG_070228.1|+|0-1194|ARO:3006821|PDC-454	98.827	1194	14	0	932631	933824	1194	1	0.0	2128
gi|115583796|gb|CP000438.1|	gb|NG_070214.1|+|0-1194|ARO:3006816|PDC-448	98.827	1194	14	0	932631	933824	1194	1	0.0	2128
gi|115583796|gb|CP000438.1|	gb|NG_068209.1|+|0-1194|ARO:3006791|PDC-421	98.827	1194	14	0	932631	933824	1194	1	0.0	2128
gi|115583796|gb|CP000438.1|	gb|NG_068205.1|+|0-1194|ARO:3006786|PDC-417	98.827	1194	14	0	932631	933824	1194	1	0.0	2128
gi|115583796|gb|CP000438.1|	gb|NG_068204.1|+|0-1194|ARO:3006785|PDC-416	98.827	1194	14	0	932631	933824	1194	1	0.0	2128
gi|115583796|gb|CP000438.1|	gb|NG_068199.1|+|0-1194|ARO:3006781|PDC-411	98.827	1194	14	0	932631	933824	1194	1	0.0	2128
gi|115583796|gb|CP000438.1|	gb|NG_065934.1|+|0-1194|ARO:3006752|PDC-382	98.827	1194	14	0	932631	933824	1194	1	0.0	2128
gi|115583796|gb|CP000438.1|	gb|NG_065933.1|+|0-1194|ARO:3006751|PDC-381	98.827	1194	14	0	932631	933824	1194	1	0.0	2128
gi|115583796|gb|CP000438.1|	gb|NG_065921.1|+|0-1194|ARO:3006739|PDC-369	98.827	1194	14	0	932631	933824	1194	1	0.0	2128
gi|115583796|gb|CP000438.1|	gb|NG_065907.1|+|0-1194|ARO:3006724|PDC-355	98.827	1194	14	0	932631	933824	1194	1	0.0	2128
gi|115583796|gb|CP000438.1|	gb|NG_066536.1|+|0-1194|ARO:3006698|PDC-329	98.827	1194	14	0	932631	933824	1194	1	0.0	2128
gi|115583796|gb|CP000438.1|	gb|NG_062263.1|+|0-1194|ARO:3006683|PDC-312	98.827	1194	14	0	932631	933824	1194	1	0.0	2128
gi|115583796|gb|CP000438.1|	gb|NG_062259.1|+|0-1194|ARO:3006678|PDC-308	98.827	1194	14	0	932631	933824	1194	1	0.0	2128
gi|115583796|gb|CP000438.1|	gb|NG_060539.1|+|0-1194|ARO:3006664|PDC-294	98.827	1194	14	0	932631	933824	1194	1	0.0	2128
gi|115583796|gb|CP000438.1|	gb|NG_060558.1|+|0-1194|ARO:3006661|PDC-289	98.827	1194	14	0	932631	933824	1194	1	0.0	2128
gi|115583796|gb|CP000438.1|	gb|NG_049898.1|+|0-1194|ARO:3006628|PDC-25	98.827	1194	14	0	932631	933824	1194	1	0.0	2128
gi|115583796|gb|CP000438.1|	gb|NG_056397.1|+|0-1194|ARO:3006620|PDC-242	98.827	1194	14	0	932631	933824	1194	1	0.0	2128
gi|115583796|gb|CP000438.1|	gb|NG_056394.1|+|0-1194|ARO:3006617|PDC-239	98.827	1194	14	0	932631	933824	1194	1	0.0	2128
gi|115583796|gb|CP000438.1|	gb|NG_056392.1|+|0-1194|ARO:3006615|PDC-237	98.827	1194	14	0	932631	933824	1194	1	0.0	2128
gi|115583796|gb|CP000438.1|	gb|NG_056425.1|+|0-1194|ARO:3006611|PDC-233	98.827	1194	14	0	932631	933824	1194	1	0.0	2128
gi|115583796|gb|CP000438.1|	gb|NG_056421.1|+|0-1194|ARO:3006608|PDC-229	98.827	1194	14	0	932631	933824	1194	1	0.0	2128
gi|115583796|gb|CP000438.1|	gb|NG_055280.1|+|0-1194|ARO:3006594|PDC-217	98.827	1194	14	0	932631	933824	1194	1	0.0	2128
gi|115583796|gb|CP000438.1|	gb|NG_065883.1|+|0-1194|ARO:3006575|PDC-196	98.827	1194	14	0	932631	933824	1194	1	0.0	2128
gi|115583796|gb|CP000438.1|	gb|NG_054980.1|+|0-1194|ARO:3006573|PDC-194	98.827	1194	14	0	932631	933824	1194	1	0.0	2128
gi|115583796|gb|CP000438.1|	gb|NG_054979.1|+|0-1194|ARO:3006572|PDC-193	98.827	1194	14	0	932631	933824	1194	1	0.0	2128
gi|115583796|gb|CP000438.1|	gb|NG_052891.1|+|0-1194|ARO:3006554|PDC-175	98.827	1194	14	0	932631	933824	1194	1	0.0	2128
gi|115583796|gb|CP000438.1|	gb|NG_051496.1|+|0-1194|ARO:3006552|PDC-172	98.827	1194	14	0	932631	933824	1194	1	0.0	2128
gi|115583796|gb|CP000438.1|	gb|NG_050981.1|+|0-1194|ARO:3006548|PDC-169	98.827	1194	14	0	932631	933824	1194	1	0.0	2128
gi|115583796|gb|CP000438.1|	gb|NG_050838.1|+|0-1194|ARO:3006544|PDC-165	98.827	1194	14	0	932631	933824	1194	1	0.0	2128
gi|115583796|gb|CP000438.1|	gb|NG_050820.1|+|0-1194|ARO:3006524|PDC-147	98.827	1194	14	0	932631	933824	1194	1	0.0	2128
gi|115583796|gb|CP000438.1|	gb|NG_050817.1|+|0-1194|ARO:3006521|PDC-144	98.827	1194	14	0	932631	933824	1194	1	0.0	2128
gi|115583796|gb|CP000438.1|	gb|NG_050786.1|+|0-1194|ARO:3006507|PDC-130	98.827	1194	14	0	932631	933824	1194	1	0.0	2128
gi|115583796|gb|CP000438.1|	gb|NG_049878.1|+|0-1194|ARO:3006488|PDC-110	98.827	1194	14	0	932631	933824	1194	1	0.0	2128
gi|115583796|gb|CP000438.1|	gb|NG_049875.1|+|0-1194|ARO:3006486|PDC-108	98.827	1194	14	0	932631	933824	1194	1	0.0	2128
gi|115583796|gb|CP000438.1|	gb|NG_065898.1|+|0-1194|ARO:3005286|PDC-346	98.827	1194	14	0	932631	933824	1194	1	0.0	2128
gi|115583796|gb|CP000438.1|	gb|NG_057596.1|+|0-1194|ARO:3005284|PDC-264	98.827	1194	14	0	932631	933824	1194	1	0.0	2128
gi|115583796|gb|CP000438.1|	gb|KJ949065.1|+|0-1194|ARO:3005147|PDC-50	98.827	1194	14	0	932631	933824	1194	1	0.0	2128
gi|115583796|gb|CP000438.1|	gb|KJ949064.1|+|0-1194|ARO:3005146|PDC-49	98.827	1194	14	0	932631	933824	1194	1	0.0	2128
gi|115583796|gb|CP000438.1|	gb|NG_055482.1|+|0-1194|ARO:3005278|PDC-118	98.827	1194	14	0	932631	933824	1194	1	0.0	2128
gi|115583796|gb|CP000438.1|	gb|NG_049951.1|+|0-1194|ARO:3006847|PDC-94	98.744	1194	15	0	932631	933824	1194	1	0.0	2122
gi|115583796|gb|CP000438.1|	gb|NG_049939.1|+|0-1194|ARO:3006845|PDC-64	98.744	1194	15	0	932631	933824	1194	1	0.0	2122
gi|115583796|gb|CP000438.1|	gb|NG_071223.1|+|0-1194|ARO:3006831|PDC-465	98.744	1194	15	0	932631	933824	1194	1	0.0	2122
gi|115583796|gb|CP000438.1|	gb|NG_071216.1|+|0-1194|ARO:3006825|PDC-458	98.744	1194	15	0	932631	933824	1194	1	0.0	2122
gi|115583796|gb|CP000438.1|	gb|NG_066542.1|+|0-1194|ARO:3006755|PDC-386	98.744	1194	15	0	932631	933824	1194	1	0.0	2122
gi|115583796|gb|CP000438.1|	gb|NG_065911.1|+|0-1194|ARO:3006728|PDC-359	98.744	1194	15	0	932631	933824	1194	1	0.0	2122
gi|115583796|gb|CP000438.1|	gb|NG_062302.1|+|0-1194|ARO:3006685|PDC-315	98.744	1194	15	0	932631	933824	1194	1	0.0	2122
gi|115583796|gb|CP000438.1|	gb|NG_062261.1|+|0-1194|ARO:3006681|PDC-310	98.744	1194	15	0	932631	933824	1194	1	0.0	2122
gi|115583796|gb|CP000438.1|	gb|NG_057599.1|+|0-1194|ARO:3006643|PDC-267	98.744	1194	15	0	932631	933824	1194	1	0.0	2122
gi|115583796|gb|CP000438.1|	gb|NG_057594.1|+|0-1194|ARO:3006639|PDC-262	98.744	1194	15	0	932631	933824	1194	1	0.0	2122
gi|115583796|gb|CP000438.1|	gb|NG_056403.1|+|0-1194|ARO:3006626|PDC-248	98.744	1194	15	0	932631	933824	1194	1	0.0	2122
gi|115583796|gb|CP000438.1|	gb|NG_056393.1|+|0-1194|ARO:3006616|PDC-238	98.744	1194	15	0	932631	933824	1194	1	0.0	2122
gi|115583796|gb|CP000438.1|	gb|NG_049894.1|+|0-1194|ARO:3006598|PDC-21b	98.744	1194	15	0	932631	933824	1194	1	0.0	2122
gi|115583796|gb|CP000438.1|	gb|NG_054989.1|+|0-1194|ARO:3006583|PDC-204	98.744	1194	15	0	932631	933824	1194	1	0.0	2122
gi|115583796|gb|CP000438.1|	gb|NG_054966.1|+|0-1194|ARO:3006560|PDC-180	98.744	1194	15	0	932631	933824	1194	1	0.0	2122
gi|115583796|gb|CP000438.1|	gb|NG_050836.1|+|0-1194|ARO:3006542|PDC-163	98.744	1194	15	0	932631	933824	1194	1	0.0	2122
gi|115583796|gb|CP000438.1|	gb|NG_050828.1|+|0-1194|ARO:3006533|PDC-155	98.744	1194	15	0	932631	933824	1194	1	0.0	2122
gi|115583796|gb|CP000438.1|	gb|NG_050821.1|+|0-1194|ARO:3006525|PDC-148	98.744	1194	15	0	932631	933824	1194	1	0.0	2122
gi|115583796|gb|CP000438.1|	gb|NG_050792.1|+|0-1194|ARO:3006513|PDC-136	98.744	1194	15	0	932631	933824	1194	1	0.0	2122
gi|115583796|gb|CP000438.1|	gb|NG_049870.1|+|0-1194|ARO:3006483|PDC-103	98.744	1194	15	0	932631	933824	1194	1	0.0	2122
gi|115583796|gb|CP000438.1|	gb|NG_060555.1|+|0-1194|ARO:3005287|PDC-285	98.744	1194	15	0	932631	933824	1194	1	0.0	2122
gi|115583796|gb|CP000438.1|	gb|KJ949076.1|+|0-1194|ARO:3005144|PDC-61	98.744	1194	15	0	932631	933824	1194	1	0.0	2122
gi|115583796|gb|CP000438.1|	gb|KJ949059.1|+|0-1194|ARO:3005142|PDC-44	98.744	1194	15	0	932631	933824	1194	1	0.0	2122
gi|115583796|gb|CP000438.1|	gb|NG_065901.1|+|0-1197|ARO:3006718|PDC-349	98.663	1197	13	1	932631	933824	1197	1	0.0	2119
gi|115583796|gb|CP000438.1|	gb|NG_071218.1|+|0-1194|ARO:3006828|PDC-460	98.660	1194	16	0	932631	933824	1194	1	0.0	2117
gi|115583796|gb|CP000438.1|	gb|NG_071217.1|+|0-1194|ARO:3006826|PDC-459	98.660	1194	16	0	932631	933824	1194	1	0.0	2117
gi|115583796|gb|CP000438.1|	gb|NG_070203.1|+|0-1194|ARO:3006806|PDC-437	98.660	1194	16	0	932631	933824	1194	1	0.0	2117
gi|115583796|gb|CP000438.1|	gb|NG_068200.1|+|0-1194|ARO:3006782|PDC-412	98.660	1194	16	0	932631	933824	1194	1	0.0	2117
gi|115583796|gb|CP000438.1|	gb|NG_068198.1|+|0-1194|ARO:3006780|PDC-410	98.660	1194	16	0	932631	933824	1194	1	0.0	2117
gi|115583796|gb|CP000438.1|	gb|NG_068194.1|+|0-1194|ARO:3006776|PDC-406	98.660	1194	16	0	932631	933824	1194	1	0.0	2117
gi|115583796|gb|CP000438.1|	gb|NG_057601.1|+|0-1194|ARO:3006645|PDC-270	98.660	1194	16	0	932631	933824	1194	1	0.0	2117
gi|115583796|gb|CP000438.1|	gb|NG_054985.1|+|0-1188|ARO:3006580|PDC-200	98.744	1194	9	1	932631	933824	1188	1	0.0	2117
gi|115583796|gb|CP000438.1|	gb|NG_049887.1|+|0-1194|ARO:3006549|PDC-17	98.660	1194	16	0	932631	933824	1194	1	0.0	2117
gi|115583796|gb|CP000438.1|	gb|NG_049883.1|+|0-1194|ARO:3006506|PDC-13	98.660	1194	16	0	932631	933824	1194	1	0.0	2117
gi|115583796|gb|CP000438.1|	gb|NG_055485.1|+|0-1194|ARO:3006497|PDC-121	98.660	1194	16	0	932631	933824	1194	1	0.0	2117
gi|115583796|gb|CP000438.1|	gb|NG_071219.1|+|0-1194|ARO:3005294|PDC-461	98.660	1194	16	0	932631	933824	1194	1	0.0	2117
gi|115583796|gb|CP000438.1|	gb|NG_070204.1|+|0-1194|ARO:3005275|PDC-438	98.660	1194	16	0	932631	933824	1194	1	0.0	2117
gi|115583796|gb|CP000438.1|	gb|NG_068187.1|+|0-1197|ARO:3006768|PDC-399	98.580	1197	14	1	932631	933824	1197	1	0.0	2113
gi|115583796|gb|CP000438.1|	gb|NG_073490.1|+|0-1194|ARO:3006840|PDC-474	98.576	1194	17	0	932631	933824	1194	1	0.0	2111
gi|115583796|gb|CP000438.1|	gb|NG_071221.1|+|0-1194|ARO:3006830|PDC-463	98.576	1194	17	0	932631	933824	1194	1	0.0	2111
gi|115583796|gb|CP000438.1|	gb|NG_071220.1|+|0-1194|ARO:3006829|PDC-462	98.576	1194	17	0	932631	933824	1194	1	0.0	2111
gi|115583796|gb|CP000438.1|	gb|NG_065897.1|+|0-1194|ARO:3006715|PDC-345	98.576	1194	17	0	932631	933824	1194	1	0.0	2111
gi|115583796|gb|CP000438.1|	gb|NG_065892.1|+|0-1194|ARO:3006710|PDC-340	98.576	1194	17	0	932631	933824	1194	1	0.0	2111
gi|115583796|gb|CP000438.1|	gb|NG_054972.1|+|0-1188|ARO:3006565|PDC-186	98.660	1194	10	1	932631	933824	1188	1	0.0	2111
gi|115583796|gb|CP000438.1|	gb|KJ949072.1|+|0-1194|ARO:3005125|PDC-57	98.576	1194	17	0	932631	933824	1194	1	0.0	2111
gi|115583796|gb|CP000438.1|	gb|AB219523.1|+|21-1179|ARO:3003704|mexM	99.568	1158	5	0	4080259	4081416	1158	1	0.0	2111
gi|115583796|gb|CP000438.1|	gb|NG_071224.1|+|0-1194|ARO:3006832|PDC-466	98.492	1194	18	0	932631	933824	1194	1	0.0	2106
gi|115583796|gb|CP000438.1|	gb|NG_068193.1|+|0-1194|ARO:3006775|PDC-405	98.492	1194	18	0	932631	933824	1194	1	0.0	2106
gi|115583796|gb|CP000438.1|	gb|NG_068189.1|+|0-1194|ARO:3006771|PDC-401	98.492	1194	18	0	932631	933824	1194	1	0.0	2106
gi|115583796|gb|CP000438.1|	gb|NG_068030.1|+|0-1194|ARO:3006760|PDC-390	98.492	1194	18	0	932631	933824	1194	1	0.0	2106
gi|115583796|gb|CP000438.1|	gb|NG_065899.1|+|0-1194|ARO:3006716|PDC-347	98.492	1194	18	0	932631	933824	1194	1	0.0	2106
gi|115583796|gb|CP000438.1|	gb|NG_056391.1|+|0-1182|ARO:3006614|PDC-236	98.660	1194	4	1	932631	933824	1182	1	0.0	2106
gi|115583796|gb|CP000438.1|	gb|NG_050982.1|+|0-1194|ARO:3006550|PDC-170	98.492	1194	18	0	932631	933824	1194	1	0.0	2106
gi|115583796|gb|CP000438.1|	gb|NG_071222.1|+|0-1194|ARO:3005291|PDC-464	98.492	1194	18	0	932631	933824	1194	1	0.0	2106
gi|115583796|gb|CP000438.1|	gb|NG_068034.1|+|0-1188|ARO:3006763|PDC-394	98.492	1194	12	1	932631	933824	1188	1	0.0	2100
gi|115583796|gb|CP000438.1|	gb|NG_065891.1|+|0-1182|ARO:3006708|PDC-339	98.576	1194	5	1	932631	933824	1182	1	0.0	2100
gi|115583796|gb|CP000438.1|	gb|AE004091.2|+|472023-473175|ARO:3000377|MexA	99.392	1152	7	0	486775	487926	1	1152	0.0	2089
gi|115583796|gb|CP000438.1|	gb|NG_060563.1|+|0-1185|ARO:3005298|PDC-293	98.325	1194	11	1	932631	933824	1185	1	0.0	2085
gi|115583796|gb|CP000438.1|	gb|NG_073489.1|+|0-1179|ARO:3006839|PDC-473	98.325	1194	5	1	932631	933824	1179	1	0.0	2080
gi|115583796|gb|CP000438.1|	gb|NG_056423.1|+|0-1185|ARO:3005304|PDC-231	98.241	1194	12	1	932631	933824	1185	1	0.0	2080
gi|115583796|gb|CP000438.1|	gb|AB219524.1|+|22-1180|ARO:3003698|mexP	99.050	1158	11	0	1614329	1615486	1	1158	0.0	2078
gi|115583796|gb|CP000438.1|	gb|AE004091.2|+|177306-178458|ARO:3003679|TriA	99.219	1152	9	0	176167	177318	1	1152	0.0	2078
gi|115583796|gb|CP000438.1|	gb|U57969.1|+|294-1458|ARO:3000800|MexC	98.883	1164	13	0	5426706	5427869	1164	1	0.0	2078
gi|115583796|gb|CP000438.1|	gb|NG_065908.1|+|0-1194|ARO:3006725|PDC-356	97.990	1194	24	0	932631	933824	1194	1	0.0	2073
gi|115583796|gb|CP000438.1|	gb|AFRQ01000061.1|-|23986-27124|ARO:3004144|AxyY	78.982	3083	594	49	3422892	3425947	1	3056	0.0	2054
gi|115583796|gb|CP000438.1|	gb|AFRQ01000061.1|-|23986-27124|ARO:3004144|AxyY	79.492	551	109	4	5425098	5425646	1572	1024	2.48e-104	388
gi|115583796|gb|CP000438.1|	gb|NG_070209.1|+|0-1194|ARO:3006811|PDC-443	97.571	1194	29	0	932631	933824	1194	1	0.0	2045
gi|115583796|gb|CP000438.1|	gb|NG_065928.1|+|0-1194|ARO:3005302|PDC-376	97.571	1194	29	0	932631	933824	1194	1	0.0	2045
gi|115583796|gb|CP000438.1|	gb|KJ949081.1|+|0-1194|ARO:3005126|PDC-66	97.571	1194	29	0	932631	933824	1194	1	0.0	2045
gi|115583796|gb|CP000438.1|	gb|KJ949078.1|+|0-1194|ARO:3005124|PDC-63	97.571	1194	29	0	932631	933824	1194	1	0.0	2045
gi|115583796|gb|CP000438.1|	gb|NG_065902.1|+|0-1173|ARO:3006720|PDC-350	97.822	1194	5	1	932631	933824	1173	1	0.0	2041
gi|115583796|gb|CP000438.1|	gb|NG_057597.2|+|0-1173|ARO:3006641|PDC-265	97.822	1194	5	1	932631	933824	1173	1	0.0	2041
gi|115583796|gb|CP000438.1|	gb|NG_065916.1|+|0-1194|ARO:3006734|PDC-364	97.487	1194	30	0	932631	933824	1194	1	0.0	2039
gi|115583796|gb|CP000438.1|	gb|NG_066534.1|+|0-1194|ARO:3006696|PDC-327	97.487	1194	30	0	932631	933824	1194	1	0.0	2039
gi|115583796|gb|CP000438.1|	gb|NG_055277.1|+|0-1194|ARO:3006591|PDC-214	97.487	1194	30	0	932631	933824	1194	1	0.0	2039
gi|115583796|gb|CP000438.1|	gb|NG_050947.1|+|0-1194|ARO:3006546|PDC-167	97.487	1194	30	0	932631	933824	1194	1	0.0	2039
gi|115583796|gb|CP000438.1|	gb|NG_050789.1|+|0-1194|ARO:3006510|PDC-133	97.487	1194	30	0	932631	933824	1194	1	0.0	2039
gi|115583796|gb|CP000438.1|	gb|AE004091.2|+|4903465-4904596|ARO:3003030|MexV	99.204	1131	9	0	5067018	5068148	1	1131	0.0	2039
gi|115583796|gb|CP000438.1|	gb|AB015853.1|+|145-1315|ARO:3003034|mexX	97.968	1181	12	10	3421697	3422876	1	1170	0.0	2037
gi|115583796|gb|CP000438.1|	gb|NG_068036.1|+|0-1194|ARO:3006765|PDC-396	97.404	1194	31	0	932631	933824	1194	1	0.0	2034
gi|115583796|gb|CP000438.1|	gb|NG_060547.1|+|0-1194|ARO:3006651|PDC-277	97.404	1194	31	0	932631	933824	1194	1	0.0	2034
gi|115583796|gb|CP000438.1|	gb|NG_056102.1|+|0-1194|ARO:3006604|PDC-224	97.404	1194	31	0	932631	933824	1194	1	0.0	2034
gi|115583796|gb|CP000438.1|	gb|NG_054987.1|+|0-1194|ARO:3006581|PDC-202	97.404	1194	31	0	932631	933824	1194	1	0.0	2034
gi|115583796|gb|CP000438.1|	gb|NG_054982.1|+|0-1194|ARO:3006576|PDC-197	97.404	1194	31	0	932631	933824	1194	1	0.0	2034
gi|115583796|gb|CP000438.1|	gb|KR057762.1|+|0-1116|ARO:3004356|PDC-93	99.552	1116	5	0	932631	933746	1116	1	0.0	2034
gi|115583796|gb|CP000438.1|	gb|NG_066533.1|+|0-1173|ARO:3006695|PDC-326	97.655	1194	7	1	932631	933824	1173	1	0.0	2030
gi|115583796|gb|CP000438.1|	gb|KR057756.1|+|0-1116|ARO:3004350|PDC-87	99.462	1116	6	0	932631	933746	1116	1	0.0	2028
gi|115583796|gb|CP000438.1|	gb|NG_056398.1|+|0-1215|ARO:3006621|PDC-243	97.037	1215	15	2	932631	933824	1215	1	0.0	2025
gi|115583796|gb|CP000438.1|	gb|NG_065931.1|+|0-1176|ARO:3006749|PDC-379	97.487	1194	12	1	932631	933824	1176	1	0.0	2023
gi|115583796|gb|CP000438.1|	gb|NG_056420.1|+|0-1194|ARO:3006607|PDC-228	97.236	1194	33	0	932631	933824	1194	1	0.0	2023
gi|115583796|gb|CP000438.1|	gb|NG_054975.1|+|0-1194|ARO:3006568|PDC-189	97.236	1194	33	0	932631	933824	1194	1	0.0	2023
gi|115583796|gb|CP000438.1|	gb|NG_070216.1|+|0-1194|ARO:3006817|PDC-450	97.152	1194	34	0	932631	933824	1194	1	0.0	2017
gi|115583796|gb|CP000438.1|	gb|NG_060561.1|+|0-1173|ARO:3006663|PDC-291	97.404	1194	10	1	932631	933824	1173	1	0.0	2013
gi|115583796|gb|CP000438.1|	gb|AE004091.2|+|4706409-4707522|ARO:3000807|MexH	99.281	1113	8	0	819408	820520	1113	1	0.0	2012
gi|115583796|gb|CP000438.1|	gb|NG_060562.1|+|0-1173|ARO:3005307|PDC-292	97.320	1194	11	1	932631	933824	1173	1	0.0	2008
gi|115583796|gb|CP000438.1|	gb|KR057745.1|+|0-1116|ARO:3004339|PDC-76	99.191	1113	9	0	932631	933743	1116	4	0.0	2006
gi|115583796|gb|CP000438.1|	gb|KR057750.1|+|0-1116|ARO:3004344|PDC-81	99.191	1113	9	0	932631	933743	1116	4	0.0	2006
gi|115583796|gb|CP000438.1|	gb|KR057761.1|+|0-1110|ARO:3004355|PDC-92	99.104	1116	4	1	932631	933746	1110	1	0.0	2001
gi|115583796|gb|CP000438.1|	gb|KR057754.1|+|0-1116|ARO:3004348|PDC-85	99.102	1113	10	0	932631	933743	1116	4	0.0	2001
gi|115583796|gb|CP000438.1|	gb|KR057752.1|+|0-1116|ARO:3004346|PDC-83	99.102	1113	10	0	932631	933743	1116	4	0.0	2001
gi|115583796|gb|CP000438.1|	gb|KR057751.1|+|0-1116|ARO:3004345|PDC-82	99.102	1113	10	0	932631	933743	1116	4	0.0	2001
gi|115583796|gb|CP000438.1|	gb|NG_068032.1|+|0-1173|ARO:3006762|PDC-392	97.152	1194	13	1	932631	933824	1173	1	0.0	1997
gi|115583796|gb|CP000438.1|	gb|KR057757.1|+|0-1110|ARO:3004351|PDC-88	99.014	1116	5	1	932631	933746	1110	1	0.0	1995
gi|115583796|gb|CP000438.1|	gb|KR057753.1|+|0-1116|ARO:3004347|PDC-84	99.012	1113	11	0	932631	933743	1116	4	0.0	1995
gi|115583796|gb|CP000438.1|	gb|KR057746.1|+|0-1116|ARO:3004340|PDC-77	99.012	1113	11	0	932631	933743	1116	4	0.0	1995
gi|115583796|gb|CP000438.1|	gb|KR057742.1|+|0-1116|ARO:3004336|PDC-73	99.012	1113	11	0	932631	933743	1116	4	0.0	1995
gi|115583796|gb|CP000438.1|	gb|KR057748.1|+|0-1116|ARO:3004342|PDC-79	99.012	1113	11	0	932631	933743	1116	4	0.0	1995
gi|115583796|gb|CP000438.1|	gb|NG_055780.1|+|0-1170|ARO:3005306|PDC-173	97.069	1194	11	1	932631	933824	1170	1	0.0	1989
gi|115583796|gb|CP000438.1|	gb|KR057747.1|+|0-1116|ARO:3004341|PDC-78	98.922	1113	12	0	932631	933743	1116	4	0.0	1989
gi|115583796|gb|CP000438.1|	gb|NG_056399.1|+|0-1170|ARO:3006622|PDC-244	96.985	1194	12	1	932631	933824	1170	1	0.0	1984
gi|115583796|gb|CP000438.1|	gb|KR057744.1|+|0-1116|ARO:3004338|PDC-75	98.742	1113	14	0	932631	933743	1116	4	0.0	1978
gi|115583796|gb|CP000438.1|	gb|AE004091.2|-|4119269-4120373|ARO:3003692|MexJ	99.004	1104	11	0	1437645	1438748	1	1104	0.0	1978
gi|115583796|gb|CP000438.1|	gb|NG_066539.1|+|0-1167|ARO:3006702|PDC-332	96.734	1194	12	1	932631	933824	1167	1	0.0	1964
gi|115583796|gb|CP000438.1|	gb|KR057759.1|+|0-1107|ARO:3004353|PDC-90	98.566	1116	7	1	932631	933746	1107	1	0.0	1964
gi|115583796|gb|CP000438.1|	gb|KR057758.1|+|0-1107|ARO:3004352|PDC-89	98.566	1116	7	1	932631	933746	1107	1	0.0	1964
gi|115583796|gb|CP000438.1|	gb|KR057760.1|+|0-1104|ARO:3004354|PDC-91	98.477	1116	5	1	932631	933746	1104	1	0.0	1956
gi|115583796|gb|CP000438.1|	gb|NG_066538.1|+|0-1167|ARO:3006701|PDC-331	96.566	1194	14	1	932631	933824	1167	1	0.0	1953
gi|115583796|gb|CP000438.1|	gb|AE004091.2|+|178454-179525|ARO:3003680|TriB	99.253	1071	8	0	177315	178385	1	1071	0.0	1934
gi|115583796|gb|CP000438.1|	gb|NG_068020.1|+|0-789|ARO:3006089|OXA-901	99.873	789	1	0	6480480	6481268	1	789	0.0	1452
gi|115583796|gb|CP000438.1|	gb|SMRY02000082.1|-|17219-18008|ARO:3003645|OXA-488	99.873	789	1	0	6480480	6481268	1	789	0.0	1452
